,MAIN_ID,RA_s,DEC_s,DISTANCE_RESULT,OTYPE,RV_VALUE,Z_VALUE,SCRIPT_NUMBER_ID
0,2XMMi J122944.9+133453,12 29 44.600,+13 34 50.60,0.0014144254,ClG,104717.0,0.44,1
1,[LSB2011] 59,12 29 44.799,+13 34 54.23,4.644473,BrightestCG,104221.0,0.43729,1
2,GPM 187.413603+13.571736,12 29 39.2148,+13 34 17.826,85.08583,Star,,,1
3,2XMM J122938.7+133437,12 29 38.821,+13 34 35.57,85.592,X,,,1
4,SDSS J122942.06+133333.0,12 29 42.063,+13 33 33.00,85.96755,QSO,251717.0,2.387,1
5,Borngen 130,12 29 43.7,+13 33 12,99.4695,Galaxy,,,1
6,[HU2001] J122951.5+133623,12 29 51.5,+13 36 23,136.59525,Radio,,,1
7,2MASS J12294766+1332350,12 29 47.6606,+13 32 35.100,142.65996,Star,,,1
8,GPM 187.456115+13.536591,12 29 49.5112,+13 32 10.924,175.00044,Star,,,1
