,MAIN_ID,RA_s,DEC_s,DISTANCE_RESULT,OTYPE,RV_VALUE,Z_VALUE,SCRIPT_NUMBER_ID
0,2XMMi J011624.7+325713,01 16 24.200,+32 57 17.00,0.0,ClG,114108.0,0.493,1
1,SDSS J011624.70+325715.6,01 16 24.706,+32 57 15.67,6.5077367,BrightestCG,,,1
2,SDSS J011630.44+325743.6,01 16 30.447,+32 57 43.65,83.014114,QSO,236919.0,1.92171,1
