,MAIN_ID,RA_s,DEC_s,DISTANCE_RESULT,OTYPE,RV_VALUE,Z_VALUE,SCRIPT_NUMBER_ID
0,2XMMi J145846.5+493501,14 58 46.59,+49 35 02.0,0.0,ClG,108882.0,0.4631,1
1,SDSS J145847.16+493507.5,14 58 47.162,+49 35 07.56,7.8660254,BrightestCG,,,1
2,TYC 3477-801-1,14 58 46.3937,+49 34 23.446,38.600494,Star,,,1
3,SDSS J145840.54+493606.5,14 58 40.5514,+49 36 06.455,87.18867,QSO,190999.0,1.12396,1
