,MAIN_ID,RA_s,DEC_s,DISTANCE_RESULT,OTYPE,RV_VALUE,Z_VALUE,SCRIPT_NUMBER_ID
0,2XMM J121205.3+131739,12 12 05.37,+13 17 39.5,0.0,ClG,106335.0,0.4489,1
1,SDSS J121204.77+131756.5,12 12 04.776,+13 17 56.52,19.098862,BrightestCG,106301.0,0.44871,1
2,HVCS 808,12 12 06.347,+13 18 02.71,27.239035,Galaxy,,,1
3,SDSS J121207.37+131713.7,12 12 07.378,+13 17 13.73,39.031914,BrightestCG,,,1
4,SDSS J121200.14+131606.9,12 12 00.1487,+13 16 06.844,119.97981,Galaxy,24787.0,0.0864,1
