,MAIN_ID,RA_s,DEC_s,DISTANCE_RESULT,OTYPE,RV_VALUE,Z_VALUE,SCRIPT_NUMBER_ID
0,2XMMi J080634.0+153152,08 06 33.700,+15 32 08.60,0.0014059511,ClG,72539.0,0.28,1
1,SDSS J080634.15+153153.4,08 06 34.1562,+15 31 53.488,16.487318,BrightestCG,71524.0,0.27541,1
2,2MASS J08063044+1532418,08 06 30.4425,+15 32 41.836,57.625923,Low-Mass*,36.0,0.00012,1
3,SDSS J080639.75+153121.7,08 06 39.7579,+15 31 21.750,99.29852,GtowardsCl,27255.0,0.09545,1
4,2XMM J080632.0+152949,08 06 32.1925,+15 29 49.674,140.62341,Star,,,1
5,3XMM J080643.9+153247,08 06 43.8958,+15 32 46.305,152.09348,LINER,26829.0,0.09388,1
6,SDSS J080639.67+153002.4,08 06 39.6793,+15 30 02.491,152.87859,Galaxy,30668.0,0.10811,1
