,MAIN_ID,RA_s,DEC_s,DISTANCE_RESULT,OTYPE,RV_VALUE,Z_VALUE,SCRIPT_NUMBER_ID
0,ACT-CL J0406.7-5455,04 06 44.6,-54 55 33,0.36562213,ClG,148189.0,0.719,1
1,[ZHK2020] SPT-CLJ0406-5455 BCG,04 06 44.57,-54 55 32.6,0.4510874,BrightestCG,150923.0,0.74,1
2,2MASX J04063934-5454159,04 06 39.4190,-54 54 15.311,89.61475,Galaxy,12782.0,0.04359,1
3,UCAC2   7923643,04 06 39.6816,-54 57 07.970,103.9973,Star,53.83,0.00018,1
4,LEDA 3080558,04 06 25.7,-54 54 04,185.67923,Galaxy,,,1
5,2dFGRS TGS877Z150,04 06 20.63,-54 58 16.2,263.19955,Galaxy,16941.0,0.0582,1
