,MAIN_ID,RA_s,DEC_s,DISTANCE_RESULT,OTYPE,RV_VALUE,Z_VALUE,SCRIPT_NUMBER_ID
0,BAX 017.5750+19.6397,01 10 18.0,+19 38 23,0.0,ClG,80525.0,0.317,1
1,[AAV2011] J011018.215+193819.43,01 10 18.2062,+19 38 18.998,4.9493766,BrightestCG,79784.0,0.3135,1
2,NVSS J011018+193818,01 10 18.1,+19 38 16,6.8682013,Radio,,,1
3,CRTS J011017.5+193654,01 10 17.4017,+19 36 56.351,87.05977,EclBin,,,1
4,SDSS J011022.06+193932.5,01 10 22.062,+19 39 32.52,90.14676,QSO,205369.0,1.313,1
