,MAIN_ID,RA_s,DEC_s,DISTANCE_RESULT,OTYPE,RV_VALUE,Z_VALUE,SCRIPT_NUMBER_ID
0,BAX 174.6829+03.2606,11 38 43.2,+03 15 33,0.0,ClG,33725.0,0.1196,1
1,LEDA 1248505,11 38 44.055,+03 15 37.92,13.716923,BrightestCG,35707.0,0.12713,1
2,[ZS2020] cCGs-0903,11 38 39.8,+03 16 15,65.743095,Compact_Gr_G,35938.0,0.12801,1
3,FIRST J113847.3+031613,11 38 47.3537,+03 16 13.528,74.24205,AGN_Candidate,,,1
4,SDSS J113835.86+031540.5,11 38 35.8644,+03 15 40.576,110.11582,Galaxy,35943.0,0.12803,1
5,SDSS J113835.55+031651.7,11 38 35.5535,+03 16 51.737,138.9686,Galaxy,36166.0,0.12888,1
6,2XMM J113851.1+031710,11 38 51.0733,+03 17 10.496,152.99535,X,,,1
7,UCAC4 467-045601,11 38 32.5746,+03 13 35.656,197.7124,Variable*,,,1
