,MAIN_ID,RA_s,DEC_s,DISTANCE_RESULT,OTYPE,RV_VALUE,Z_VALUE,SCRIPT_NUMBER_ID
0,BAX 211.5679+28.5144,14 06 15.800,+28 30 49.10,0.0,ClG,123574.0,0.55,1
1,SDSS J140615.57+283052.2,14 06 15.570,+28 30 52.37,4.45679,BrightestCG,127115.0,0.57235,1
2,ROTSE1 J140613.69+283013.6,14 06 13.7009,+28 30 14.022,44.6759,RGB*,105.2,0.000351,1
3,SDSS J140615.06+283003.0,14 06 15.067,+28 30 03.07,47.031788,BrightestCG,126408.0,0.56784,1
4,Gaia DR3 1452585805255677824,14 06 22.3864,+28 32 19.566,125.375,WhiteDwarf_Candidate,,,1
5,SDSS J140621.87+282909.2,14 06 21.872,+28 29 09.28,127.95238,BrightestCG,127217.0,0.573,1
6,2MASS J14060896+2832587,14 06 08.9690,+28 32 58.761,157.84743,NearIR,,,1
7,2MASS J14062776+2830186,14 06 27.7681,+28 30 18.706,160.65387,RGB*,28.38,9.5e-05,1
