,MAIN_ID,RA_s,DEC_s,DISTANCE_RESULT,OTYPE,RV_VALUE,Z_VALUE,SCRIPT_NUMBER_ID
0,HCG  12,01 27 33.7,-04 40 14,0.0,Compact_Gr_G,14188.0,0.0485,1
1,SDSS J012731.72-044006.2,01 27 31.7210,-04 40 06.186,30.599466,QSO,198866.0,1.222797,1
2,MCG-01-04-052,01 27 33.432,-04 40 58.59,44.77052,GtowardsCl,14407.0,0.049269,1
3,2MASX J01273716-0440075,01 27 37.1817,-04 40 07.256,52.48786,GtowardsCl,13928.0,0.04759,1
4,[LH2011] 3252,01 27.6,-04 41,57.43115,GroupG,14192.0,0.048515,1
5,1RXS J012735.7-044108,01 27 35.700,-04 41 08.48,62.145668,X,,,1
6,2MASX J01273742-0439405,01 27 37.3948,-04 39 40.403,64.653275,GtowardsCl,14342.0,0.04904,1
7,2MASX J01273441-0439075,01 27 34.3891,-04 39 07.322,67.46926,GtowardsCl,14956.0,0.051197,1
8,LEDA    5432,01 27 27.8323,-04 40 38.651,91.12044,GtowardsCl,14469.0,0.049486,1
