,MAIN_ID,RA_s,DEC_s,DISTANCE_RESULT,OTYPE,RV_VALUE,Z_VALUE,SCRIPT_NUMBER_ID
0,HCG  78,15 48.5,+68 12,0.0,Compact_Gr_G,9614.0,0.0326,1
1,2MASS J15483530+6811172,15 48 35.3038,+68 11 17.284,51.941986,Star,-11.4,-3.8e-05,1
2,2MASX J15484236+6811399,15 48 42.367,+68 11 39.97,71.75142,Galaxy,18200.0,0.062669,1
3,IRAS 15480+6822,15 48 16.9,+68 13 11,101.79189,FarIR,,,1
4,UGC 10057,15 48 17.377,+68 13 14.72,102.58182,GtowardsGroup,8599.0,0.029107,1
5,[FK2002] 243,15 48 21,+68 10.5,103.03507,Compact_Gr_G,8504.0,0.02878,1
6,MCG+11-19-016,15 48 08.9020,+68 12 24.468,120.02988,GtowardsGroup,9544.0,0.032359,1
7,1RXS J154806.9+681221,15 48 06.902,+68 12 21.49,130.43355,X,,,1
8,LEDA   56086,15 48 33.1,+68 14 11,132.13148,Galaxy,10000.0,0.033932,1
