,MAIN_ID,RA_s,DEC_s,DISTANCE_RESULT,OTYPE,RV_VALUE,Z_VALUE,SCRIPT_NUMBER_ID
0,MLCG 1575,01 23 09.1,+33 27 11,0.0,Compact_Gr_G,4463.0,0.015,1
1,BAX 020.7979+33.4606,01 23 11.3,+33 27 36,36.783096,ClG,4758.0,0.016,1
2,NGC   499,01 23 11.4954,+33 27 36.656,39.458096,LINER,4372.0,0.014691,1
3,LAMOST J012308.40+332612.4,01 23 08.440,+33 26 12.50,59.07822,QSO,214168.0,1.45,1
4,DES J012310.79+332555.0,01 23 10.7997,+33 25 55.064,78.85972,GtowardsCl,,,1
