,MAIN_ID,RA_s,DEC_s,DISTANCE_RESULT,OTYPE,RV_VALUE,Z_VALUE,SCRIPT_NUMBER_ID
0,PCG J1213+0727,12 13 47.14,+07 27 10.0,0.0,GroupG,38298.0,0.13706,1
1,[ZS2020] cCGs-2075,12 13 46.8,+07 27 13,6.1702175,Compact_Gr_G,38211.0,0.13673,1
2,SDSS J121347.25+072729.6,12 13 47.2636,+07 27 29.591,19.677216,BrightestCG,45034.0,0.16342,1
3,LEDA 1321981,12 13 46.8185,+07 26 46.494,23.98665,BrightestCG,38340.0,0.137226,1
4,SDSS J121348.73+072719.9,12 13 48.732,+07 27 19.90,25.67001,RadioG,32021.0,0.11318,1
5,SDSS J121346.77+072739.1,12 13 46.7754,+07 27 39.116,29.61734,Galaxy,37907.0,0.13556,1
