,MAIN_ID,RA_s,DEC_s,DISTANCE_RESULT,OTYPE,RV_VALUE,Z_VALUE,SCRIPT_NUMBER_ID
0,SDSSCGA 2251,14 26 46.81,+64 59 33.1,0.0,Compact_Gr_G,38781.0,0.13893,1
1,LEDA 2673544,14 26 44.0351,+64 59 27.552,18.449903,Galaxy,37502.0,0.134,1
2,SDSS J142649.73+645926.3,14 26 49.7307,+64 59 26.288,19.73406,Galaxy,35935.0,0.128,1
3,SDSS J142646.40+645952.8,14 26 46.3961,+64 59 52.759,19.83361,Galaxy,35148.0,0.125,1
4,SDSS J142641.87+645953.4,14 26 41.8730,+64 59 53.389,37.302273,Galaxy,38473.0,0.13774,1
5,SDSS J142645.69+645848.5,14 26 45.6972,+64 58 48.477,45.177223,Galaxy,38965.0,0.13964,1
