,MAIN_ID,RA_s,DEC_s,DISTANCE_RESULT,OTYPE,RV_VALUE,Z_VALUE,SCRIPT_NUMBER_ID
0,SDSSCGA 1320,14 06 51.77,+28 34 42.1,0.0,Compact_Gr_G,33010.0,0.1169,1
1,SDSS J140650.79+283451.2,14 06 50.7887,+28 34 51.228,15.823907,Galaxy,39574.0,0.142,1
2,SDSS J140653.98+283418.9,14 06 53.9784,+28 34 18.940,37.1846,BrightestCG,32925.0,0.11658,1
3,SDSS J140648.51+283447.6,14 06 48.5151,+28 34 47.663,43.233673,Galaxy,32973.0,0.11676,1
4,SDSS J140654.30+283411.2,14 06 54.3034,+28 34 11.298,45.414253,Galaxy,37241.0,0.133,1
5,[DCA2018] 320254,14 06 52.36,+28 33 53.9,48.796654,GroupG,33126.0,0.11734,1
6,BAX 211.7262+28.5706,14 06 55.0,+28 34 16,49.915775,ClG,33036.0,0.117,1
