,MAIN_ID,RA_s,DEC_s,DISTANCE_RESULT,OTYPE,RV_VALUE,Z_VALUE,SCRIPT_NUMBER_ID
0,SDSSCGA 1947,11 10 24.98,+34 27 27.0,0.0,Compact_Gr_G,22803.0,0.07919,1
1,LEDA 2049516,11 10 24.9820,+34 27 27.036,0.044317853,BrightestCG,20712.0,0.07165,1
2,SDSS J111027.67+342752.6,11 10 27.6710,+34 27 52.699,42.049366,Galaxy,22198.0,0.077,1
3,SDSS J111028.51+342806.3,11 10 28.5177,+34 28 06.337,58.83601,Galaxy,22936.0,0.07967,1
4,LEDA 2049729,11 10 20.7730,+34 28 16.884,72.078964,Galaxy,22778.0,0.0791,1
5,2MASX J11101895+3426448,11 10 18.9915,+34 26 44.262,85.5166,Galaxy,22814.0,0.07923,1
