,MAIN_ID,RA_s,DEC_s,DISTANCE_RESULT,OTYPE,RV_VALUE,Z_VALUE,SCRIPT_NUMBER_ID
0,SDSSCGA 782,13 30 38.76,+11 24 11.2,0.0,Compact_Gr_G,25652.0,0.08956,1
1,2MASX J13303877+1124113,13 30 38.7606,+11 24 11.089,0.110754035,GtowardsGroup,25619.0,0.08944,1
2,LEDA 1392991,13 30 39.7295,+11 23 50.825,24.866789,Galaxy,15469.0,0.053,1
3,2MASX J13303843+1124433,13 30 38.4228,+11 24 43.097,32.28042,GtowardsGroup,25723.0,0.08982,1
4,Shk 356,13 30.6,+11 24,42.10012,GroupG,,,1
5,Shk 356-5,13 30 39.8,+11 23 31,43.01042,GtowardsGroup,,,1
6,2MASX J13304163+1123403,13 30 41.6410,+11 23 40.229,52.47633,GtowardsGroup,25392.0,0.08861,1
7,Shk 356-3,13 30 35.6246,+11 24 52.218,61.707874,GtowardsGroup,27676.0,0.097,1
