,MAIN_ID,RA_s,DEC_s,DISTANCE_RESULT,OTYPE,RV_VALUE,Z_VALUE,SCRIPT_NUMBER_ID
0,SDSSCGA 2029,10 14 17.86,+34 25 29.5,0.0,Compact_Gr_G,43589.0,0.1577,1
1,LEDA 2048954,10 14 17.6410,+34 25 21.057,8.866456,Galaxy,42262.0,0.15248,1
2,SDSS J101419.40+342504.7,10 14 19.4159,+34 25 04.742,31.3628,Galaxy,,,1
3,SDSS J101419.52+342450.7,10 14 19.5312,+34 24 50.778,43.897644,Galaxy,42147.0,0.15203,1
4,2MASX J10141682+3426244,10 14 16.7914,+34 26 24.777,56.83636,BrightestCG,43417.0,0.15702,1
5,FIRST J101417.8+342633,10 14 17.89,+34 26 33.1,63.60108,Radio,,,1
6,FIRST J101418.3+342641,10 14 18.32,+34 26 41.8,72.52363,Radio,,,1
7,Gaia DR3 752484832973196032,10 14 21.7828,+34 26 38.085,84.01975,Galaxy,,,1
8,SDSS J101419.05+342712.7,10 14 19.049,+34 27 12.80,104.34361,QSO,246144.0,2.19,1
