,MAIN_ID,RA_s,DEC_s,DISTANCE_RESULT,OTYPE,RV_VALUE,Z_VALUE,SCRIPT_NUMBER_ID
0,SDSSCGA 1023,15 09 41.96,+13 00 29.6,0.0,Compact_Gr_G,34147.0,0.1212,1
1,SDSS J150942.87+130042.8,15 09 42.8728,+13 00 42.821,18.782318,Galaxy,42649.0,0.154,1
2,SDSS J150940.20+130028.6,15 09 40.2041,+13 00 28.636,25.680235,Galaxy,44676.0,0.162,1
3,[SPD2011] 8675,15 09 40.2,+13 00 29,25.734966,ClG,44348.0,0.1607,1
4,[ZS2020] cCGs-5785,15 09 41.0,+12 59 51,41.44923,Compact_Gr_G,44343.0,0.16068,1
