,MAIN_ID,RA_s,DEC_s,DISTANCE_RESULT,OTYPE,RV_VALUE,Z_VALUE,SCRIPT_NUMBER_ID
0,SDSSCGB 62887,12 47 59.1,-01 42 22,0.0,Compact_Gr_G,25225.0,0.088,1
1,SDSSCGB 62887.4,12 47 59.097,-01 42 05.08,16.92006,Galaxy,,,1
2,SDSSCGB 62887.2,12 47 57.592,-01 42 28.88,23.63355,Galaxy,,,1
3,SDSSCGB 62887.3,12 47 59.124,-01 42 54.41,32.412,Galaxy,,,1
4,LEDA 1112425,12 48 00.6836,-01 41 57.962,33.787674,Galaxy,25310.0,0.08831,1
5,SDSS J124802.37-014249.4,12 48 02.3697,-01 42 49.443,56.1834,Star,-29.6,-9.9e-05,1
