,MAIN_ID,RA_s,DEC_s,DISTANCE_RESULT,OTYPE,RV_VALUE,Z_VALUE,SCRIPT_NUMBER_ID
0,SDSSCGA 195,07 50 23.20,+31 59 11.8,0.0,Compact_Gr_G,16319.0,0.056,1
1,SDSS J075023.19+315911.7,07 50 23.2010,+31 59 11.748,0.053041548,Galaxy,,,1
2,2MASX J07502349+3159240,07 50 23.459,+31 59 24.66,13.270912,BrightestCG,16347.0,0.0561,1
3,SDSS J075023.22+315937.1,07 50 23.2271,+31 59 37.084,25.286789,Galaxy,,,1
4,LEDA 1973821,07 50 24.7165,+31 58 31.573,44.614902,Galaxy,16438.0,0.05642,1
