,MAIN_ID,RA_s,DEC_s,DISTANCE_RESULT,OTYPE,RV_VALUE,Z_VALUE,SCRIPT_NUMBER_ID
0,SDSSCGA 2170,16 52 05.11,+24 30 17.4,0.0,Compact_Gr_G,26045.0,0.091,1
1,LEDA 1708935,16 52 05.6869,+24 30 20.441,8.441967,Galaxy,13416.0,0.0458,1
2,SDSS J165206.66+243002.6,16 52 06.665,+24 30 02.61,25.869253,Galaxy,,,1
3,2MASS J16520666+2430396,16 52 06.6627,+24 30 39.627,30.711401,RGB*,-243.3,-0.000811,1
4,Gaia DR3 4566647758707145216,16 52 05.2213,+24 31 02.405,45.030693,Galaxy,,,1
5,SDSS J165202.11+242954.7,16 52 02.1102,+24 29 54.756,46.78861,Galaxy,29336.0,0.10315,1
6,SDSS J165208.15+243044.6,16 52 08.150,+24 30 44.64,49.63404,BrightestCG,112944.0,0.48625,1
7,[SPD2011] 3314,16 52 08.2,+24 30 45,49.74834,ClG,98433.0,0.4063,1
8,2MASX J16521173+2429287,16 52 11.7102,+24 29 28.646,102.43733,Galaxy,16500.0,0.05664,1
