,MAIN_ID,RA_s,DEC_s,DISTANCE_RESULT,OTYPE,RV_VALUE,Z_VALUE,SCRIPT_NUMBER_ID
0,SDSSCGA 1113,01 01 33.2,+00 32 22,0.0,Compact_Gr_G,33550.0,0.11894,1
1,SDSS J010133.00+003215.7,01 01 33.0018,+00 32 15.763,6.9080405,Galaxy,33185.0,0.11756,1
2,SDSS J010133.89+003220.9,01 01 33.8915,+00 32 20.980,10.422206,Galaxy,33833.0,0.12001,1
3,[NKC2016] HERS7,01 01 33.8,+00 31 57,26.570528,LensedG,,,1
4,WiggleZ R01J010134962+00325628,01 01 34.9704,+00 32 56.180,43.28323,Galaxy,154695.0,0.76983,1
5,CAIRNS J010135.88+003240.2,01 01 35.8727,+00 32 40.198,44.02733,GtowardsCl,33606.0,0.11915,1
6,2MASS J01013383+0031363,01 01 33.8392,+00 31 36.364,46.63171,Star,-0.251,-1e-06,1
7,CAIRNS J010130.12+003209.3,01 01 30.1112,+00 32 09.340,48.027927,GtowardsCl,33592.0,0.1191,1
