,MAIN_ID,RA_s,DEC_s,DISTANCE_RESULT,OTYPE,RV_VALUE,Z_VALUE,SCRIPT_NUMBER_ID
0,SDSSCGA 2145,10 27 40.73,+14 27 47.2,0.0,Compact_Gr_G,26883.0,0.09408,1
1,SDSS J102739.51+142755.1,10 27 39.516,+14 27 55.16,19.346258,Galaxy,,,1
2,SDSS J102742.06+142750.2,10 27 42.0587,+14 27 50.131,19.521074,Galaxy,,,1
3,SDSS J102739.24+142752.2,10 27 39.2418,+14 27 52.210,22.187761,Galaxy,38216.0,0.13675,1
4,SDSS J102740.22+142820.3,10 27 40.226,+14 28 20.31,33.90956,Galaxy,,,1
5,SDSS J102741.66+142634.1,10 27 41.6597,+14 26 34.135,74.30223,Galaxy,,,1
6,UCAC4 523-052522,10 27 46.6604,+14 27 17.265,91.19265,Star,-6.54792,-2.2e-05,1
