,MAIN_ID,RA_s,DEC_s,DISTANCE_RESULT,OTYPE,RV_VALUE,Z_VALUE,SCRIPT_NUMBER_ID
0,SDSSCGA 1476,02 05 55.3,+00 01 12,0.0,Compact_Gr_G,47434.0,0.173,1
1,[AWK2020] 851,02 05 56.32,+00 01 11.9,15.312676,ClG,47219.0,0.17213524,1
2,LEDA 1155017,02 05 56.663,+00 01 08.90,20.678684,Galaxy,47902.0,0.17488,1
3,SDSS J020556.77+000056.5,02 05 56.7817,+00 00 56.498,27.097946,Galaxy,47452.0,0.17307,1
4,SDSS J020553.84+000044.5,02 05 53.846,+00 00 44.50,35.09821,Galaxy,32537.0,0.11512,1
5,[GMB2011] 3030,02 05 57.786,+00 01 10.33,37.334747,ClG,47434.0,0.173,1
6,LEDA 1155379,02 05 53.8213,+00 01 58.775,51.768085,Galaxy,47546.0,0.17345,1
