,MAIN_ID,RA_s,DEC_s,DISTANCE_RESULT,OTYPE,RV_VALUE,Z_VALUE,SCRIPT_NUMBER_ID
0,SDSSCGA 404,16 21 03.52,+24 40 30.9,0.0,Compact_Gr_G,27339.0,0.09576,1
1,SDSS J162103.51+244030.8,16 21 03.5177,+24 40 30.873,0.04050392,Galaxy,24951.0,0.087,1
2,SDSSCGA 404.4,16 21 04.5102,+24 40 53.411,26.247744,Galaxy,27033.0,0.09463,1
3,SDSS J162102.43+244007.1,16 21 02.4317,+24 40 07.107,28.037477,Galaxy,27586.0,0.09667,1
4,SDSS J162101.03+244029.3,16 21 01.0380,+24 40 29.329,33.86579,BrightestCG,27095.0,0.09486,1
5,Gaia DR3 1302471136280434176,16 21 02.4477,+24 41 26.273,57.26994,Galaxy,,,1
