,MAIN_ID,RA_s,DEC_s,DISTANCE_RESULT,OTYPE,RV_VALUE,Z_VALUE,SCRIPT_NUMBER_ID
0,SDSSCGA 42,10 22 10.140,+38 31 16.22,0.0056896457,Compact_Gr_G,16007.0,0.0549,1
1,[WLH2009] 274,10 22 10.2,+38 31 14,2.328995,PairG,15469.0,0.053,1
2,MCG+07-21-048,10 22 10.0067,+38 31 23.506,7.4520717,BrightestCG,16410.0,0.05632,1
3,SDSSCGA 42.5,10 22 09.9218,+38 31 08.858,7.794364,Galaxy,35935.0,0.128,1
4,MCG+07-21-047,10 22 10.3160,+38 31 04.044,12.349978,BrightestCG,15466.0,0.05299,1
5,[ZEH2003] RX J1022.1+3830  7,10 22 12.4,+38 31 04,29.202925,Galaxy,,,1
6,2MASS J10220914+3830474,10 22 09.1472,+38 30 47.560,30.936886,Galaxy,15778.0,0.05409,1
7,WINGS J102211.10+383149.6,10 22 11.0952,+38 31 49.528,35.14404,GtowardsCl,16401.0,0.05629,1
