,MAIN_ID,RA_s,DEC_s,DISTANCE_RESULT,OTYPE,RV_VALUE,Z_VALUE,SCRIPT_NUMBER_ID
0,XCLASS 1549,12 46 00.41,+54 35 30.6,0.0,ClG,114451.0,0.495,1
1,SDSS J124600.25+543534.7,12 46 00.254,+54 35 34.74,4.3554177,BrightestCG,116757.0,0.50857,1
2,NVSS J124558+543515,12 45 58.8,+54 35 16,20.2837,Radio,,,1
3,SDSS J124551.12+543534.1,12 45 51.122,+54 35 34.18,80.798485,BrightestCG,118286.0,0.51769,1
4,SDSS J124556.12+543712.9,12 45 56.126,+54 37 12.98,108.93223,BrightestCG,156388.0,0.78356,1
