,MAIN_ID,RA_s,DEC_s,DISTANCE_RESULT,OTYPE,RV_VALUE,Z_VALUE,SCRIPT_NUMBER_ID
0,XCLASS 2325,12 30 50.900,+41 34 10.80,0.0014986685,ClG,151616.0,0.7454,1
1,SDSS J123050.60+413419.4,12 30 50.601,+41 34 19.48,9.305258,BrightestCG,151622.0,0.74545,1
