,MAIN_ID,RA_s,DEC_s,DISTANCE_RESULT,OTYPE,RV_VALUE,Z_VALUE,SCRIPT_NUMBER_ID
0,XCLASS 1449,00 52 59.64,-08 39 36.5,0.0,ClG,80208.0,0.3155,1
1,SDSS J005300.00-083936.6,00 53 00.008,-08 39 36.65,5.4650016,BrightestCG,80210.0,0.31551,1
