,MAIN_ID,RA_s,DEC_s,DISTANCE_RESULT,OTYPE,RV_VALUE,Z_VALUE,SCRIPT_NUMBER_ID
0,XCLASS 1209,12 53 12.283,+31 07 11.24,0.0025992293,ClG,77552.0,0.30304,1
1,SDSS J125312.23+310710.6,12 53 12.235,+31 07 10.62,0.87849694,BrightestCG,77552.0,0.30304,1
