,MAIN_ID,RA_s,DEC_s,DISTANCE_RESULT,OTYPE,RV_VALUE,Z_VALUE,SCRIPT_NUMBER_ID
0,XCLASS 1862,12 43 09.59,+14 20 24.1,0.0,ClG,85339.0,0.3401,1
1,[RRB2014] RM J124309.7+142025.8,12 43 09.6792,+14 20 25.781,2.1234248,ClG,85341.0,0.34011,1
2,SDSS J124309.67+142025.7,12 43 09.6781,+14 20 25.805,2.133063,BrightestCG,85341.0,0.34011,1
3,[SPD2011] 18079,12 43 10.0,+14 20 01,24.10734,ClG,115424.0,0.5007,1
4,2XMM J124306.7+142003,12 43 06.8263,+14 20 02.662,45.52636,X,,,1
5,SDSS J124311.03+141938.6,12 43 11.035,+14 19 38.66,50.056316,BrightestCG,120846.0,0.53318,1
6,SDSS J124310.98+141937.2,12 43 10.987,+14 19 37.29,51.026356,BrightestCG,41337.0,0.14886,1
7,SDSS J124306.49+142052.7,12 43 06.498,+14 20 52.70,53.264423,BrightestCG,108248.0,0.45954,1
