,MAIN_ID,RA_s,DEC_s,DISTANCE_RESULT,OTYPE,RV_VALUE,Z_VALUE,SCRIPT_NUMBER_ID
0,XCLASS 1636,13 36 05.000,+51 45 31.20,0.0014112786,ClG,120324.0,0.53,1
1,SDSS J133605.83+514541.6,13 36 05.838,+51 45 41.63,13.008307,BrightestCG,,,1
2,NVSS J133604+514623,13 36 04.8051,+51 46 27.020,55.84972,RadioG,62217.0,0.23441,1
