,MAIN_ID,RA_s,DEC_s,DISTANCE_RESULT,OTYPE,RV_VALUE,Z_VALUE,SCRIPT_NUMBER_ID
0,XCLASS 1253,14 39 29.01,+02 46 05.7,0.0,ClG,40270.0,0.1447,1
1,2MASX J14392880+0246069,14 39 28.7863,+02 46 07.550,3.827213,LINER,40159.0,0.14427,1
2,NVSS J143928+024559,14 39 28.773,+02 46 07.58,4.017828,Radio,,,1
3,SDSS J143926.04+024635.6,14 39 26.04,+02 46 35.7,53.666183,Galaxy,,,1
