,MAIN_ID,RA_s,DEC_s,DISTANCE_RESULT,OTYPE,RV_VALUE,Z_VALUE,SCRIPT_NUMBER_ID
0,XCLASS 2182,08 31 47.800,+52 50 36.60,0.0,ClG,118504.0,0.519,1
1,SDSS J083146.42+525057.7,08 31 46.422,+52 50 57.73,24.539726,BrightestCG,118711.0,0.52024,1
2,SDSS J083145.91+525144.0,08 31 45.9243,+52 51 43.984,69.493645,QSO,171668.0,0.91826,1
3,SDSS J083159.37+525132.7,08 31 59.3791,+52 51 32.763,118.977936,Star,-23.3,-7.8e-05,1
4,SDSS J083151.29+524833.3,08 31 51.2907,+52 48 33.312,127.281784,QSO,231001.0,1.777756,1
5,SDSS J083153.39+525245.6,08 31 53.396,+52 52 45.67,138.66737,QSO,118480.0,0.518856,1
