,MAIN_ID,RA_s,DEC_s,DISTANCE_RESULT,OTYPE,RV_VALUE,Z_VALUE,SCRIPT_NUMBER_ID
0,XCLASS 1859,10 21 33.700,+21 37 48.80,0.0013727121,ClG,51630.0,0.19,1
1,NVSS J102133+213752,10 21 33.3031,+21 37 52.449,6.628988,RadioG,50967.0,0.18729,1
2,2XMM J102131.4+214010,10 21 31.4381,+21 40 09.780,144.46436,X,,,1
3,SDSS J102141.16+213535.0,10 21 41.165,+21 35 35.09,169.45459,Galaxy,11594.0,0.03945,1
4,2XMM J102146.6+213629,10 21 46.6601,+21 36 29.529,197.34724,X,,,1
5,2XMM J102141.4+214050,10 21 41.428,+21 40 49.76,210.6041,X,,,1
6,2MASX J10213766+2141137,10 21 37.6675,+21 41 14.280,212.79443,LINER,11527.0,0.03922,1
