,MAIN_ID,RA_s,DEC_s,DISTANCE_RESULT,OTYPE,RV_VALUE,Z_VALUE,SCRIPT_NUMBER_ID
0,XCLASS 20661,10 21 36.900,+12 56 43.20,0.0011999999,ClG,83250.0,0.33,1
1,SDSS J102137.55+125656.0,10 21 37.556,+12 56 56.03,16.018684,BrightestCG,,,1
2,SDSS J102138.20+125705.5,10 21 38.202,+12 57 05.52,29.332094,BrightestCG,,,1
3,2MASX J10214732+1255090,10 21 47.325,+12 55 09.03,179.1546,GtowardsGroup,8457.0,0.02862,1
