,MAIN_ID,RA_s,DEC_s,DISTANCE_RESULT,OTYPE,RV_VALUE,Z_VALUE,SCRIPT_NUMBER_ID
0,XCLASS 1817,09 25 45.59,+30 58 58.9,0.0,ClG,128925.0,0.584,1
1,SDSS J092545.55+305859.9,09 25 45.557,+30 58 59.75,0.9497352,BrightestCG,125834.0,0.5642,1
2,SDSS J092547.17+305835.2,09 25 47.177,+30 58 35.21,31.271976,BrightestCG,103875.0,0.43541,1
3,SDSS J092541.54+305906.4,09 25 41.545,+30 59 06.48,52.564487,Galaxy,57163.0,0.21293,1
4,SDSS J092541.19+305754.5,09 25 41.197,+30 57 54.57,85.61842,BrightestCG,132801.0,0.60951,1
5,TYC 2494-1176-1,09 25 55.3175,+30 58 25.913,129.3769,Star,-15.31,-5.1e-05,1
