,MAIN_ID,RA_s,DEC_s,DISTANCE_RESULT,OTYPE,RV_VALUE,Z_VALUE,SCRIPT_NUMBER_ID
0,XCLASS 1739,12 50 47.20,+26 33 38.1,0.0,ClG,111142.0,0.4759,1
1,SDSS J125045.80+263344.2,12 50 45.807,+26 33 44.23,19.670664,BrightestCG,,,1
2,GPM 192.720536+26.550294,12 50 52.8345,+26 33 00.124,84.60442,Star,,,1
3,H-ATLAS J125048.4+263632,12 50 48.39,+26 36 31.8,174.42146,Galaxy_Candidate,272747.0,3.60103,1
