,MAIN_ID,RA_s,DEC_s,DISTANCE_RESULT,OTYPE,RV_VALUE,Z_VALUE,SCRIPT_NUMBER_ID
0,XCLASS 631,13 39 09.200,+48 11 52.70,0.0011312789,ClG,99135.0,0.41,1
1,SDSSCGB 59827.1,13 39 10.330,+48 11 51.40,11.37557,BrightestCG,98989.0,0.40923,1
2,SDSSCGB 59827.4,13 39 09.151,+48 11 34.61,18.096634,Galaxy,,,1
3,SDSSCGB 59827,13 39 10.4,+48 11 39,18.211374,Compact_Gr_G,98983.0,0.4092,1
4,SDSSCGB 59827.2,13 39 11.536,+48 11 44.21,24.851929,Galaxy,,,1
5,SDSSCGB 59827.3,13 39 10.607,+48 11 24.68,31.35365,Galaxy,,,1
6,SDSS J133907.23+481054.3,13 39 07.2362,+48 10 54.302,61.610622,QSO,205644.0,1.317,1
