,MAIN_ID,RA_s,DEC_s,DISTANCE_RESULT,OTYPE,RV_VALUE,Z_VALUE,SCRIPT_NUMBER_ID
0,XCLASS 1233,11 58 50.55,+44 05 34.9,0.0,ClG,74753.0,0.2901,1
1,SDSS J115850.54+440536.8,11 58 50.5518,+44 05 36.931,2.0316324,BrightestCG,74540.0,0.28912,1
2,NSCS J115847+440712,11 58 47.24,+44 07 11.3,102.74744,ClG,,,1
3,SDSS J115839.50+440524.8,11 58 39.506,+44 05 24.85,119.40364,BrightestCG,107494.0,0.45533,1
