,MAIN_ID,RA_s,DEC_s,DISTANCE_RESULT,OTYPE,RV_VALUE,Z_VALUE,SCRIPT_NUMBER_ID
0,XCLASS 1712,09 32 59.200,+55 15 43.80,0.0013811463,ClG,28730.0,0.1009,1
1,SDSS J093300.06+551543.8,09 33 00.0568,+55 15 43.820,7.3235455,BrightestCG,28973.0,0.1018,1
