,MAIN_ID,RA_s,DEC_s,DISTANCE_RESULT,OTYPE,RV_VALUE,Z_VALUE,SCRIPT_NUMBER_ID
0,XCLASS 755,11 27 39.72,+58 37 20.4,0.0,ClG,50969.0,0.1873,1
1,SDSS J112738.96+583721.9,11 27 38.9703,+58 37 21.945,6.055423,BrightestCG,53216.0,0.19651,1
2,EO NGC 3690  53,11 27 46.05,+58 36 56.3,55.003826,Unknown,,,1
3,EO NGC 3690  78,11 27 48.12,+58 36 12.3,94.57269,Unknown,,,1
4,EO NGC 3690  20,11 27 52.12,+58 37 49.4,101.083954,Unknown,,,1
5,EO NGC 3690  92,11 27 46.29,+58 35 51.5,102.655075,Unknown,,,1
6,EO NGC 3690  11,11 27 52.02,+58 37 58.4,103.29411,Unknown,,,1
7,2MASS J11274804+5835530,11 27 48.0472,+58 35 52.789,109.125595,Galaxy,,,1
8,EO NGC 3690  36,11 27 54.91,+58 37 27.8,118.863304,Unknown,,,1
