,MAIN_ID,RA_s,DEC_s,DISTANCE_RESULT,OTYPE,RV_VALUE,Z_VALUE,SCRIPT_NUMBER_ID
0,XCLASS 1944,09 56 10.900,-00 21 57.80,0.0019999857,ClG,128739.0,0.5828,1
1,SDSS J095610.63-002146.2,09 56 10.636,-00 21 46.21,12.248974,BrightestCG,,,1
2,GES J09560980-0021257,09 56 09.8006,-00 21 25.986,35.833633,Star,21.14,7.1e-05,1
3,GES J09560686-0022037,09 56 06.86,-00 22 03.7,60.89569,Star,12.77,4.3e-05,1
4,GES J09561861-0021318,09 56 18.6237,-00 21 32.163,118.656685,Star,48.76,0.000163,1
