,MAIN_ID,RA_s,DEC_s,DISTANCE_RESULT,OTYPE,RV_VALUE,Z_VALUE,SCRIPT_NUMBER_ID
0,XCLASS 882,10 57 05.9,+06 53 47,0.0,ClG,44088.0,0.15967,1
1,2MASS J10570602+0653487,10 57 06.0313,+06 53 48.741,2.619066,BrightestCG,44088.0,0.15967,1
2,BFW78  6,10 57.1,+06 54,13.085012,EmissionG,,,1
