,MAIN_ID,RA_s,DEC_s,DISTANCE_RESULT,OTYPE,RV_VALUE,Z_VALUE,SCRIPT_NUMBER_ID
0,XCLASS 542,14 53 17.47,+03 34 46.1,0.0,ClG,91557.0,0.3709,1
1,SDSS J145317.24+033446.7,14 53 17.243,+03 34 46.76,3.460885,BrightestCG,91575.0,0.37099,1
2,WiggleZ S15J145313554+03335168,14 53 13.5542,+03 33 51.674,79.99226,Galaxy,91661.0,0.37142,1
3,SDSS J145320.73+033607.1,14 53 20.737,+03 36 07.17,94.680084,Galaxy,158255.0,0.79895,1
4,LEDA 1254705,14 53 10.0649,+03 34 15.712,114.94968,Galaxy,35639.0,0.12687,1
