,MAIN_ID,RA_s,DEC_s,DISTANCE_RESULT,OTYPE,RV_VALUE,Z_VALUE,SCRIPT_NUMBER_ID
0,XCLASS 399,11 23 49.300,+05 29 56.80,0.0012596736,ClG,138722.0,0.65,1
1,SDSS J112350.09+052935.2,11 23 50.094,+05 29 35.25,24.592564,BrightestCG,,,1
2,SDSS J112352.95+053058.1,11 23 52.958,+05 30 58.12,82.11723,Galaxy,29005.0,0.10192,1
3,WiggleZ S11J112350399+05280509,11 23 50.3989,+05 28 05.092,112.90699,Galaxy,133526.0,0.61436,1
